lipid_variable,lipid_display,std_residual,skewness,kurtosis,jarque_bera_stat,jarque_bera_p,n_obs
triglycerides_mmol_L_log,log(Triglycerides),0.4599429744880201,0.22590312368603155,0.13974877736565183,46.59554290408759,7.619148140703523e-11,5000
total_cholesterol_mmol_L,Total cholesterol,0.9805119128730676,0.39607742990626277,0.49504125129218757,181.78649216782017,3.3540133236261794e-40,5000
hdl_cholesterol_mmol_L_log,log(HDL cholesterol),0.20754882402349561,-0.031574851313391,0.23281702983495078,12.123261317295702,0.0023305973784895967,5000
ldl_cholesterol_mmol_L,LDL cholesterol,0.7743214645761158,0.38444732617708105,0.550454193427484,186.2914178084854,3.52640842097133e-41,5000
apolipoprotein_a_g_L_log,log(Apolipoprotein A),0.1479156774020084,-0.05229484857813544,0.23005508994938095,13.305072742262128,0.0012907441439753413,5000
apolipoprotein_b_g_L,Apolipoprotein B,0.21546799111811743,0.4079244333129991,0.4644845799136341,183.61568711509815,1.3438789380829568e-40,5000
